,aabc,aaca,aacb,abaa,abab,abac,abba,abbb,abbc,abca,abcb,abcc,acaa,acab,acac,acba,acbb,acbc,acca,accb,baac,babb,baca,bacb,bacc,bbaa,bbac,bbba,bbbb,bbbc,bbca,bbcb,bcaa,bcab,bcac,bcba,bcbb,bcbc,bcca,bccb,caab,caac,caba,cabb,cabc,caca,cacb,cacc,cbab,cbba,cbbb,cbbc,cbca,cbcb,cbcc,ccaa,ccab,ccac,ccbb,ccbc
aabc,0.015625,0.015625,0.015625,0.015625,0.015625,0.015625,0.015625,0.015625,0.015625,0.015625,0.078125,0.015625,0.015625,0.015625,0.015625,0.015625,0.015625,0.015625,0.015625,0.015625,0.015625,0.015625,0.015625,0.015625,0.015625,0.015625,0.015625,0.015625,0.015625,0.015625,0.015625,0.015625,0.015625,0.015625,0.015625,0.015625,0.015625,0.015625,0.015625,0.015625,0.015625,0.015625,0.015625,0.015625,0.015625,0.015625,0.015625,0.015625,0.015625,0.015625,0.015625,0.015625,0.015625,0.015625,0.015625,0.015625,0.015625,0.015625,0.015625,0.015625
aaca,0.015384615384615385,0.015384615384615385,0.015384615384615385,0.015384615384615385,0.015384615384615385,0.015384615384615385,0.015384615384615385,0.015384615384615385,0.015384615384615385,0.015384615384615385,0.015384615384615385,0.015384615384615385,0.015384615384615385,0.015384615384615385,0.09230769230769231,0.015384615384615385,0.015384615384615385,0.015384615384615385,0.015384615384615385,0.015384615384615385,0.015384615384615385,0.015384615384615385,0.015384615384615385,0.015384615384615385,0.015384615384615385,0.015384615384615385,0.015384615384615385,0.015384615384615385,0.015384615384615385,0.015384615384615385,0.015384615384615385,0.015384615384615385,0.015384615384615385,0.015384615384615385,0.015384615384615385,0.015384615384615385,0.015384615384615385,0.015384615384615385,0.015384615384615385,0.015384615384615385,0.015384615384615385,0.015384615384615385,0.015384615384615385,0.015384615384615385,0.015384615384615385,0.015384615384615385,0.015384615384615385,0.015384615384615385,0.015384615384615385,0.015384615384615385,0.015384615384615385,0.015384615384615385,0.015384615384615385,0.015384615384615385,0.015384615384615385,0.015384615384615385,0.015384615384615385,0.015384615384615385,0.015384615384615385,0.015384615384615385
aacb,0.014925373134328358,0.014925373134328358,0.014925373134328358,0.014925373134328358,0.014925373134328358,0.014925373134328358,0.014925373134328358,0.014925373134328358,0.014925373134328358,0.014925373134328358,0.014925373134328358,0.014925373134328358,0.014925373134328358,0.014925373134328358,0.014925373134328358,0.014925373134328358,0.029850746268656716,0.1044776119402985,0.014925373134328358,0.014925373134328358,0.014925373134328358,0.014925373134328358,0.014925373134328358,0.014925373134328358,0.014925373134328358,0.014925373134328358,0.014925373134328358,0.014925373134328358,0.014925373134328358,0.014925373134328358,0.014925373134328358,0.014925373134328358,0.014925373134328358,0.014925373134328358,0.014925373134328358,0.014925373134328358,0.014925373134328358,0.014925373134328358,0.014925373134328358,0.014925373134328358,0.014925373134328358,0.014925373134328358,0.014925373134328358,0.014925373134328358,0.014925373134328358,0.014925373134328358,0.014925373134328358,0.014925373134328358,0.014925373134328358,0.014925373134328358,0.014925373134328358,0.014925373134328358,0.014925373134328358,0.014925373134328358,0.014925373134328358,0.014925373134328358,0.014925373134328358,0.014925373134328358,0.014925373134328358,0.014925373134328358
abaa,0.01639344262295082,0.01639344262295082,0.01639344262295082,0.01639344262295082,0.01639344262295082,0.01639344262295082,0.01639344262295082,0.01639344262295082,0.01639344262295082,0.01639344262295082,0.01639344262295082,0.01639344262295082,0.01639344262295082,0.01639344262295082,0.01639344262295082,0.01639344262295082,0.01639344262295082,0.01639344262295082,0.01639344262295082,0.01639344262295082,0.03278688524590164,0.01639344262295082,0.01639344262295082,0.01639344262295082,0.01639344262295082,0.01639344262295082,0.01639344262295082,0.01639344262295082,0.01639344262295082,0.01639344262295082,0.01639344262295082,0.01639344262295082,0.01639344262295082,0.01639344262295082,0.01639344262295082,0.01639344262295082,0.01639344262295082,0.01639344262295082,0.01639344262295082,0.01639344262295082,0.01639344262295082,0.01639344262295082,0.01639344262295082,0.01639344262295082,0.01639344262295082,0.01639344262295082,0.01639344262295082,0.01639344262295082,0.01639344262295082,0.01639344262295082,0.01639344262295082,0.01639344262295082,0.01639344262295082,0.01639344262295082,0.01639344262295082,0.01639344262295082,0.01639344262295082,0.01639344262295082,0.01639344262295082,0.01639344262295082
abab,0.01639344262295082,0.01639344262295082,0.01639344262295082,0.01639344262295082,0.01639344262295082,0.01639344262295082,0.01639344262295082,0.01639344262295082,0.01639344262295082,0.01639344262295082,0.01639344262295082,0.01639344262295082,0.01639344262295082,0.01639344262295082,0.01639344262295082,0.01639344262295082,0.01639344262295082,0.01639344262295082,0.01639344262295082,0.01639344262295082,0.01639344262295082,0.03278688524590164,0.01639344262295082,0.01639344262295082,0.01639344262295082,0.01639344262295082,0.01639344262295082,0.01639344262295082,0.01639344262295082,0.01639344262295082,0.01639344262295082,0.01639344262295082,0.01639344262295082,0.01639344262295082,0.01639344262295082,0.01639344262295082,0.01639344262295082,0.01639344262295082,0.01639344262295082,0.01639344262295082,0.01639344262295082,0.01639344262295082,0.01639344262295082,0.01639344262295082,0.01639344262295082,0.01639344262295082,0.01639344262295082,0.01639344262295082,0.01639344262295082,0.01639344262295082,0.01639344262295082,0.01639344262295082,0.01639344262295082,0.01639344262295082,0.01639344262295082,0.01639344262295082,0.01639344262295082,0.01639344262295082,0.01639344262295082,0.01639344262295082
abac,0.01639344262295082,0.01639344262295082,0.01639344262295082,0.01639344262295082,0.01639344262295082,0.01639344262295082,0.01639344262295082,0.01639344262295082,0.01639344262295082,0.01639344262295082,0.01639344262295082,0.01639344262295082,0.01639344262295082,0.01639344262295082,0.01639344262295082,0.01639344262295082,0.01639344262295082,0.01639344262295082,0.01639344262295082,0.01639344262295082,0.01639344262295082,0.01639344262295082,0.03278688524590164,0.01639344262295082,0.01639344262295082,0.01639344262295082,0.01639344262295082,0.01639344262295082,0.01639344262295082,0.01639344262295082,0.01639344262295082,0.01639344262295082,0.01639344262295082,0.01639344262295082,0.01639344262295082,0.01639344262295082,0.01639344262295082,0.01639344262295082,0.01639344262295082,0.01639344262295082,0.01639344262295082,0.01639344262295082,0.01639344262295082,0.01639344262295082,0.01639344262295082,0.01639344262295082,0.01639344262295082,0.01639344262295082,0.01639344262295082,0.01639344262295082,0.01639344262295082,0.01639344262295082,0.01639344262295082,0.01639344262295082,0.01639344262295082,0.01639344262295082,0.01639344262295082,0.01639344262295082,0.01639344262295082,0.01639344262295082
abba,0.016129032258064516,0.016129032258064516,0.016129032258064516,0.016129032258064516,0.016129032258064516,0.016129032258064516,0.016129032258064516,0.016129032258064516,0.016129032258064516,0.016129032258064516,0.016129032258064516,0.016129032258064516,0.016129032258064516,0.016129032258064516,0.016129032258064516,0.016129032258064516,0.016129032258064516,0.016129032258064516,0.016129032258064516,0.016129032258064516,0.016129032258064516,0.016129032258064516,0.016129032258064516,0.016129032258064516,0.016129032258064516,0.016129032258064516,0.04838709677419355,0.016129032258064516,0.016129032258064516,0.016129032258064516,0.016129032258064516,0.016129032258064516,0.016129032258064516,0.016129032258064516,0.016129032258064516,0.016129032258064516,0.016129032258064516,0.016129032258064516,0.016129032258064516,0.016129032258064516,0.016129032258064516,0.016129032258064516,0.016129032258064516,0.016129032258064516,0.016129032258064516,0.016129032258064516,0.016129032258064516,0.016129032258064516,0.016129032258064516,0.016129032258064516,0.016129032258064516,0.016129032258064516,0.016129032258064516,0.016129032258064516,0.016129032258064516,0.016129032258064516,0.016129032258064516,0.016129032258064516,0.016129032258064516,0.016129032258064516
abbb,0.015151515151515152,0.015151515151515152,0.015151515151515152,0.015151515151515152,0.015151515151515152,0.015151515151515152,0.015151515151515152,0.015151515151515152,0.015151515151515152,0.015151515151515152,0.015151515151515152,0.015151515151515152,0.015151515151515152,0.015151515151515152,0.015151515151515152,0.015151515151515152,0.015151515151515152,0.015151515151515152,0.015151515151515152,0.015151515151515152,0.015151515151515152,0.015151515151515152,0.015151515151515152,0.015151515151515152,0.015151515151515152,0.015151515151515152,0.015151515151515152,0.030303030303030304,0.030303030303030304,0.07575757575757576,0.015151515151515152,0.015151515151515152,0.015151515151515152,0.015151515151515152,0.015151515151515152,0.015151515151515152,0.015151515151515152,0.015151515151515152,0.015151515151515152,0.015151515151515152,0.015151515151515152,0.015151515151515152,0.015151515151515152,0.015151515151515152,0.015151515151515152,0.015151515151515152,0.015151515151515152,0.015151515151515152,0.015151515151515152,0.015151515151515152,0.015151515151515152,0.015151515151515152,0.015151515151515152,0.015151515151515152,0.015151515151515152,0.015151515151515152,0.015151515151515152,0.015151515151515152,0.015151515151515152,0.015151515151515152
abbc,0.015384615384615385,0.015384615384615385,0.015384615384615385,0.015384615384615385,0.015384615384615385,0.015384615384615385,0.015384615384615385,0.015384615384615385,0.015384615384615385,0.015384615384615385,0.015384615384615385,0.015384615384615385,0.015384615384615385,0.015384615384615385,0.015384615384615385,0.015384615384615385,0.015384615384615385,0.015384615384615385,0.015384615384615385,0.015384615384615385,0.015384615384615385,0.015384615384615385,0.015384615384615385,0.015384615384615385,0.015384615384615385,0.015384615384615385,0.015384615384615385,0.015384615384615385,0.015384615384615385,0.015384615384615385,0.07692307692307693,0.03076923076923077,0.015384615384615385,0.015384615384615385,0.015384615384615385,0.015384615384615385,0.015384615384615385,0.015384615384615385,0.015384615384615385,0.015384615384615385,0.015384615384615385,0.015384615384615385,0.015384615384615385,0.015384615384615385,0.015384615384615385,0.015384615384615385,0.015384615384615385,0.015384615384615385,0.015384615384615385,0.015384615384615385,0.015384615384615385,0.015384615384615385,0.015384615384615385,0.015384615384615385,0.015384615384615385,0.015384615384615385,0.015384615384615385,0.015384615384615385,0.015384615384615385,0.015384615384615385
abca,0.014925373134328358,0.014925373134328358,0.014925373134328358,0.014925373134328358,0.014925373134328358,0.014925373134328358,0.014925373134328358,0.014925373134328358,0.014925373134328358,0.014925373134328358,0.014925373134328358,0.014925373134328358,0.014925373134328358,0.014925373134328358,0.014925373134328358,0.014925373134328358,0.014925373134328358,0.014925373134328358,0.014925373134328358,0.014925373134328358,0.014925373134328358,0.014925373134328358,0.014925373134328358,0.014925373134328358,0.014925373134328358,0.014925373134328358,0.014925373134328358,0.014925373134328358,0.014925373134328358,0.014925373134328358,0.014925373134328358,0.014925373134328358,0.014925373134328358,0.029850746268656716,0.1044776119402985,0.014925373134328358,0.014925373134328358,0.014925373134328358,0.014925373134328358,0.014925373134328358,0.014925373134328358,0.014925373134328358,0.014925373134328358,0.014925373134328358,0.014925373134328358,0.014925373134328358,0.014925373134328358,0.014925373134328358,0.014925373134328358,0.014925373134328358,0.014925373134328358,0.014925373134328358,0.014925373134328358,0.014925373134328358,0.014925373134328358,0.014925373134328358,0.014925373134328358,0.014925373134328358,0.014925373134328358,0.014925373134328358
abcb,0.015151515151515152,0.015151515151515152,0.015151515151515152,0.015151515151515152,0.015151515151515152,0.015151515151515152,0.015151515151515152,0.015151515151515152,0.015151515151515152,0.015151515151515152,0.015151515151515152,0.015151515151515152,0.015151515151515152,0.015151515151515152,0.015151515151515152,0.015151515151515152,0.015151515151515152,0.015151515151515152,0.015151515151515152,0.015151515151515152,0.015151515151515152,0.015151515151515152,0.015151515151515152,0.015151515151515152,0.015151515151515152,0.015151515151515152,0.015151515151515152,0.015151515151515152,0.015151515151515152,0.015151515151515152,0.015151515151515152,0.015151515151515152,0.015151515151515152,0.015151515151515152,0.015151515151515152,0.015151515151515152,0.06060606060606061,0.06060606060606061,0.015151515151515152,0.015151515151515152,0.015151515151515152,0.015151515151515152,0.015151515151515152,0.015151515151515152,0.015151515151515152,0.015151515151515152,0.015151515151515152,0.015151515151515152,0.015151515151515152,0.015151515151515152,0.015151515151515152,0.015151515151515152,0.015151515151515152,0.015151515151515152,0.015151515151515152,0.015151515151515152,0.015151515151515152,0.015151515151515152,0.015151515151515152,0.015151515151515152
abcc,0.016129032258064516,0.016129032258064516,0.016129032258064516,0.016129032258064516,0.016129032258064516,0.016129032258064516,0.016129032258064516,0.016129032258064516,0.016129032258064516,0.016129032258064516,0.016129032258064516,0.016129032258064516,0.016129032258064516,0.016129032258064516,0.016129032258064516,0.016129032258064516,0.016129032258064516,0.016129032258064516,0.016129032258064516,0.016129032258064516,0.016129032258064516,0.016129032258064516,0.016129032258064516,0.016129032258064516,0.016129032258064516,0.016129032258064516,0.016129032258064516,0.016129032258064516,0.016129032258064516,0.016129032258064516,0.016129032258064516,0.016129032258064516,0.016129032258064516,0.016129032258064516,0.016129032258064516,0.016129032258064516,0.016129032258064516,0.016129032258064516,0.04838709677419355,0.016129032258064516,0.016129032258064516,0.016129032258064516,0.016129032258064516,0.016129032258064516,0.016129032258064516,0.016129032258064516,0.016129032258064516,0.016129032258064516,0.016129032258064516,0.016129032258064516,0.016129032258064516,0.016129032258064516,0.016129032258064516,0.016129032258064516,0.016129032258064516,0.016129032258064516,0.016129032258064516,0.016129032258064516,0.016129032258064516,0.016129032258064516
acaa,0.015384615384615385,0.015384615384615385,0.015384615384615385,0.015384615384615385,0.015384615384615385,0.015384615384615385,0.015384615384615385,0.015384615384615385,0.015384615384615385,0.015384615384615385,0.015384615384615385,0.015384615384615385,0.015384615384615385,0.015384615384615385,0.015384615384615385,0.015384615384615385,0.015384615384615385,0.015384615384615385,0.015384615384615385,0.015384615384615385,0.015384615384615385,0.015384615384615385,0.015384615384615385,0.015384615384615385,0.015384615384615385,0.015384615384615385,0.015384615384615385,0.015384615384615385,0.015384615384615385,0.015384615384615385,0.015384615384615385,0.015384615384615385,0.015384615384615385,0.015384615384615385,0.015384615384615385,0.015384615384615385,0.015384615384615385,0.015384615384615385,0.015384615384615385,0.015384615384615385,0.046153846153846156,0.06153846153846154,0.015384615384615385,0.015384615384615385,0.015384615384615385,0.015384615384615385,0.015384615384615385,0.015384615384615385,0.015384615384615385,0.015384615384615385,0.015384615384615385,0.015384615384615385,0.015384615384615385,0.015384615384615385,0.015384615384615385,0.015384615384615385,0.015384615384615385,0.015384615384615385,0.015384615384615385,0.015384615384615385
acab,0.014492753623188406,0.014492753623188406,0.014492753623188406,0.014492753623188406,0.014492753623188406,0.014492753623188406,0.014492753623188406,0.014492753623188406,0.014492753623188406,0.014492753623188406,0.014492753623188406,0.014492753623188406,0.014492753623188406,0.014492753623188406,0.014492753623188406,0.014492753623188406,0.014492753623188406,0.014492753623188406,0.014492753623188406,0.014492753623188406,0.014492753623188406,0.014492753623188406,0.014492753623188406,0.014492753623188406,0.014492753623188406,0.014492753623188406,0.014492753623188406,0.014492753623188406,0.014492753623188406,0.014492753623188406,0.014492753623188406,0.014492753623188406,0.014492753623188406,0.014492753623188406,0.014492753623188406,0.014492753623188406,0.014492753623188406,0.014492753623188406,0.014492753623188406,0.014492753623188406,0.014492753623188406,0.014492753623188406,0.043478260869565216,0.07246376811594203,0.057971014492753624,0.014492753623188406,0.014492753623188406,0.014492753623188406,0.014492753623188406,0.014492753623188406,0.014492753623188406,0.014492753623188406,0.014492753623188406,0.014492753623188406,0.014492753623188406,0.014492753623188406,0.014492753623188406,0.014492753623188406,0.014492753623188406,0.014492753623188406
acac,0.015151515151515152,0.015151515151515152,0.015151515151515152,0.015151515151515152,0.015151515151515152,0.015151515151515152,0.015151515151515152,0.015151515151515152,0.015151515151515152,0.015151515151515152,0.015151515151515152,0.015151515151515152,0.015151515151515152,0.015151515151515152,0.015151515151515152,0.015151515151515152,0.015151515151515152,0.015151515151515152,0.015151515151515152,0.015151515151515152,0.015151515151515152,0.015151515151515152,0.015151515151515152,0.015151515151515152,0.015151515151515152,0.015151515151515152,0.015151515151515152,0.015151515151515152,0.015151515151515152,0.015151515151515152,0.015151515151515152,0.015151515151515152,0.015151515151515152,0.015151515151515152,0.015151515151515152,0.015151515151515152,0.015151515151515152,0.015151515151515152,0.015151515151515152,0.015151515151515152,0.015151515151515152,0.015151515151515152,0.015151515151515152,0.015151515151515152,0.015151515151515152,0.09090909090909091,0.015151515151515152,0.030303030303030304,0.015151515151515152,0.015151515151515152,0.015151515151515152,0.015151515151515152,0.015151515151515152,0.015151515151515152,0.015151515151515152,0.015151515151515152,0.015151515151515152,0.015151515151515152,0.015151515151515152,0.015151515151515152
acba,0.01639344262295082,0.01639344262295082,0.01639344262295082,0.01639344262295082,0.01639344262295082,0.01639344262295082,0.01639344262295082,0.01639344262295082,0.01639344262295082,0.01639344262295082,0.01639344262295082,0.01639344262295082,0.01639344262295082,0.01639344262295082,0.01639344262295082,0.01639344262295082,0.01639344262295082,0.01639344262295082,0.01639344262295082,0.01639344262295082,0.01639344262295082,0.01639344262295082,0.01639344262295082,0.01639344262295082,0.01639344262295082,0.01639344262295082,0.01639344262295082,0.01639344262295082,0.01639344262295082,0.01639344262295082,0.01639344262295082,0.01639344262295082,0.01639344262295082,0.01639344262295082,0.01639344262295082,0.01639344262295082,0.01639344262295082,0.01639344262295082,0.01639344262295082,0.01639344262295082,0.01639344262295082,0.01639344262295082,0.01639344262295082,0.01639344262295082,0.01639344262295082,0.01639344262295082,0.01639344262295082,0.01639344262295082,0.03278688524590164,0.01639344262295082,0.01639344262295082,0.01639344262295082,0.01639344262295082,0.01639344262295082,0.01639344262295082,0.01639344262295082,0.01639344262295082,0.01639344262295082,0.01639344262295082,0.01639344262295082
acbb,0.016129032258064516,0.016129032258064516,0.016129032258064516,0.016129032258064516,0.016129032258064516,0.016129032258064516,0.016129032258064516,0.016129032258064516,0.016129032258064516,0.016129032258064516,0.016129032258064516,0.016129032258064516,0.016129032258064516,0.016129032258064516,0.016129032258064516,0.016129032258064516,0.016129032258064516,0.016129032258064516,0.016129032258064516,0.016129032258064516,0.016129032258064516,0.016129032258064516,0.016129032258064516,0.016129032258064516,0.016129032258064516,0.016129032258064516,0.016129032258064516,0.016129032258064516,0.016129032258064516,0.016129032258064516,0.016129032258064516,0.016129032258064516,0.016129032258064516,0.016129032258064516,0.016129032258064516,0.016129032258064516,0.016129032258064516,0.016129032258064516,0.016129032258064516,0.016129032258064516,0.016129032258064516,0.016129032258064516,0.016129032258064516,0.016129032258064516,0.016129032258064516,0.016129032258064516,0.016129032258064516,0.016129032258064516,0.016129032258064516,0.03225806451612903,0.03225806451612903,0.016129032258064516,0.016129032258064516,0.016129032258064516,0.016129032258064516,0.016129032258064516,0.016129032258064516,0.016129032258064516,0.016129032258064516,0.016129032258064516
acbc,0.014705882352941176,0.014705882352941176,0.014705882352941176,0.014705882352941176,0.014705882352941176,0.014705882352941176,0.014705882352941176,0.014705882352941176,0.014705882352941176,0.014705882352941176,0.014705882352941176,0.014705882352941176,0.014705882352941176,0.014705882352941176,0.014705882352941176,0.014705882352941176,0.014705882352941176,0.014705882352941176,0.014705882352941176,0.014705882352941176,0.014705882352941176,0.014705882352941176,0.014705882352941176,0.014705882352941176,0.014705882352941176,0.014705882352941176,0.014705882352941176,0.014705882352941176,0.014705882352941176,0.014705882352941176,0.014705882352941176,0.014705882352941176,0.014705882352941176,0.014705882352941176,0.014705882352941176,0.014705882352941176,0.014705882352941176,0.014705882352941176,0.014705882352941176,0.014705882352941176,0.014705882352941176,0.014705882352941176,0.014705882352941176,0.014705882352941176,0.014705882352941176,0.014705882352941176,0.014705882352941176,0.014705882352941176,0.014705882352941176,0.014705882352941176,0.014705882352941176,0.014705882352941176,0.07352941176470588,0.029411764705882353,0.058823529411764705,0.014705882352941176,0.014705882352941176,0.014705882352941176,0.014705882352941176,0.014705882352941176
acca,0.016129032258064516,0.016129032258064516,0.016129032258064516,0.016129032258064516,0.016129032258064516,0.016129032258064516,0.016129032258064516,0.016129032258064516,0.016129032258064516,0.016129032258064516,0.016129032258064516,0.016129032258064516,0.016129032258064516,0.016129032258064516,0.016129032258064516,0.016129032258064516,0.016129032258064516,0.016129032258064516,0.016129032258064516,0.016129032258064516,0.016129032258064516,0.016129032258064516,0.016129032258064516,0.016129032258064516,0.016129032258064516,0.016129032258064516,0.016129032258064516,0.016129032258064516,0.016129032258064516,0.016129032258064516,0.016129032258064516,0.016129032258064516,0.016129032258064516,0.016129032258064516,0.016129032258064516,0.016129032258064516,0.016129032258064516,0.016129032258064516,0.016129032258064516,0.016129032258064516,0.016129032258064516,0.016129032258064516,0.016129032258064516,0.016129032258064516,0.016129032258064516,0.016129032258064516,0.016129032258064516,0.016129032258064516,0.016129032258064516,0.016129032258064516,0.016129032258064516,0.016129032258064516,0.016129032258064516,0.016129032258064516,0.016129032258064516,0.016129032258064516,0.03225806451612903,0.03225806451612903,0.016129032258064516,0.016129032258064516
accb,0.01639344262295082,0.01639344262295082,0.01639344262295082,0.01639344262295082,0.01639344262295082,0.01639344262295082,0.01639344262295082,0.01639344262295082,0.01639344262295082,0.01639344262295082,0.01639344262295082,0.01639344262295082,0.01639344262295082,0.01639344262295082,0.01639344262295082,0.01639344262295082,0.01639344262295082,0.01639344262295082,0.01639344262295082,0.01639344262295082,0.01639344262295082,0.01639344262295082,0.01639344262295082,0.01639344262295082,0.01639344262295082,0.01639344262295082,0.01639344262295082,0.01639344262295082,0.01639344262295082,0.01639344262295082,0.01639344262295082,0.01639344262295082,0.01639344262295082,0.01639344262295082,0.01639344262295082,0.01639344262295082,0.01639344262295082,0.01639344262295082,0.01639344262295082,0.01639344262295082,0.01639344262295082,0.01639344262295082,0.01639344262295082,0.01639344262295082,0.01639344262295082,0.01639344262295082,0.01639344262295082,0.01639344262295082,0.01639344262295082,0.01639344262295082,0.01639344262295082,0.01639344262295082,0.01639344262295082,0.01639344262295082,0.01639344262295082,0.01639344262295082,0.01639344262295082,0.01639344262295082,0.01639344262295082,0.03278688524590164
baac,0.016129032258064516,0.03225806451612903,0.03225806451612903,0.016129032258064516,0.016129032258064516,0.016129032258064516,0.016129032258064516,0.016129032258064516,0.016129032258064516,0.016129032258064516,0.016129032258064516,0.016129032258064516,0.016129032258064516,0.016129032258064516,0.016129032258064516,0.016129032258064516,0.016129032258064516,0.016129032258064516,0.016129032258064516,0.016129032258064516,0.016129032258064516,0.016129032258064516,0.016129032258064516,0.016129032258064516,0.016129032258064516,0.016129032258064516,0.016129032258064516,0.016129032258064516,0.016129032258064516,0.016129032258064516,0.016129032258064516,0.016129032258064516,0.016129032258064516,0.016129032258064516,0.016129032258064516,0.016129032258064516,0.016129032258064516,0.016129032258064516,0.016129032258064516,0.016129032258064516,0.016129032258064516,0.016129032258064516,0.016129032258064516,0.016129032258064516,0.016129032258064516,0.016129032258064516,0.016129032258064516,0.016129032258064516,0.016129032258064516,0.016129032258064516,0.016129032258064516,0.016129032258064516,0.016129032258064516,0.016129032258064516,0.016129032258064516,0.016129032258064516,0.016129032258064516,0.016129032258064516,0.016129032258064516,0.016129032258064516
babb,0.015873015873015872,0.015873015873015872,0.015873015873015872,0.015873015873015872,0.015873015873015872,0.015873015873015872,0.015873015873015872,0.031746031746031744,0.047619047619047616,0.015873015873015872,0.015873015873015872,0.015873015873015872,0.015873015873015872,0.015873015873015872,0.015873015873015872,0.015873015873015872,0.015873015873015872,0.015873015873015872,0.015873015873015872,0.015873015873015872,0.015873015873015872,0.015873015873015872,0.015873015873015872,0.015873015873015872,0.015873015873015872,0.015873015873015872,0.015873015873015872,0.015873015873015872,0.015873015873015872,0.015873015873015872,0.015873015873015872,0.015873015873015872,0.015873015873015872,0.015873015873015872,0.015873015873015872,0.015873015873015872,0.015873015873015872,0.015873015873015872,0.015873015873015872,0.015873015873015872,0.015873015873015872,0.015873015873015872,0.015873015873015872,0.015873015873015872,0.015873015873015872,0.015873015873015872,0.015873015873015872,0.015873015873015872,0.015873015873015872,0.015873015873015872,0.015873015873015872,0.015873015873015872,0.015873015873015872,0.015873015873015872,0.015873015873015872,0.015873015873015872,0.015873015873015872,0.015873015873015872,0.015873015873015872,0.015873015873015872
baca,0.015625,0.015625,0.015625,0.015625,0.015625,0.015625,0.015625,0.015625,0.015625,0.015625,0.015625,0.015625,0.015625,0.0625,0.03125,0.015625,0.015625,0.015625,0.015625,0.015625,0.015625,0.015625,0.015625,0.015625,0.015625,0.015625,0.015625,0.015625,0.015625,0.015625,0.015625,0.015625,0.015625,0.015625,0.015625,0.015625,0.015625,0.015625,0.015625,0.015625,0.015625,0.015625,0.015625,0.015625,0.015625,0.015625,0.015625,0.015625,0.015625,0.015625,0.015625,0.015625,0.015625,0.015625,0.015625,0.015625,0.015625,0.015625,0.015625,0.015625
bacb,0.01639344262295082,0.01639344262295082,0.01639344262295082,0.01639344262295082,0.01639344262295082,0.01639344262295082,0.01639344262295082,0.01639344262295082,0.01639344262295082,0.01639344262295082,0.01639344262295082,0.01639344262295082,0.01639344262295082,0.01639344262295082,0.01639344262295082,0.01639344262295082,0.03278688524590164,0.01639344262295082,0.01639344262295082,0.01639344262295082,0.01639344262295082,0.01639344262295082,0.01639344262295082,0.01639344262295082,0.01639344262295082,0.01639344262295082,0.01639344262295082,0.01639344262295082,0.01639344262295082,0.01639344262295082,0.01639344262295082,0.01639344262295082,0.01639344262295082,0.01639344262295082,0.01639344262295082,0.01639344262295082,0.01639344262295082,0.01639344262295082,0.01639344262295082,0.01639344262295082,0.01639344262295082,0.01639344262295082,0.01639344262295082,0.01639344262295082,0.01639344262295082,0.01639344262295082,0.01639344262295082,0.01639344262295082,0.01639344262295082,0.01639344262295082,0.01639344262295082,0.01639344262295082,0.01639344262295082,0.01639344262295082,0.01639344262295082,0.01639344262295082,0.01639344262295082,0.01639344262295082,0.01639344262295082,0.01639344262295082
bacc,0.016129032258064516,0.016129032258064516,0.016129032258064516,0.016129032258064516,0.016129032258064516,0.016129032258064516,0.016129032258064516,0.016129032258064516,0.016129032258064516,0.016129032258064516,0.016129032258064516,0.016129032258064516,0.016129032258064516,0.016129032258064516,0.016129032258064516,0.016129032258064516,0.016129032258064516,0.016129032258064516,0.03225806451612903,0.03225806451612903,0.016129032258064516,0.016129032258064516,0.016129032258064516,0.016129032258064516,0.016129032258064516,0.016129032258064516,0.016129032258064516,0.016129032258064516,0.016129032258064516,0.016129032258064516,0.016129032258064516,0.016129032258064516,0.016129032258064516,0.016129032258064516,0.016129032258064516,0.016129032258064516,0.016129032258064516,0.016129032258064516,0.016129032258064516,0.016129032258064516,0.016129032258064516,0.016129032258064516,0.016129032258064516,0.016129032258064516,0.016129032258064516,0.016129032258064516,0.016129032258064516,0.016129032258064516,0.016129032258064516,0.016129032258064516,0.016129032258064516,0.016129032258064516,0.016129032258064516,0.016129032258064516,0.016129032258064516,0.016129032258064516,0.016129032258064516,0.016129032258064516,0.016129032258064516,0.016129032258064516
bbaa,0.01639344262295082,0.01639344262295082,0.01639344262295082,0.01639344262295082,0.01639344262295082,0.01639344262295082,0.01639344262295082,0.01639344262295082,0.01639344262295082,0.01639344262295082,0.01639344262295082,0.01639344262295082,0.01639344262295082,0.01639344262295082,0.01639344262295082,0.01639344262295082,0.01639344262295082,0.01639344262295082,0.01639344262295082,0.01639344262295082,0.03278688524590164,0.01639344262295082,0.01639344262295082,0.01639344262295082,0.01639344262295082,0.01639344262295082,0.01639344262295082,0.01639344262295082,0.01639344262295082,0.01639344262295082,0.01639344262295082,0.01639344262295082,0.01639344262295082,0.01639344262295082,0.01639344262295082,0.01639344262295082,0.01639344262295082,0.01639344262295082,0.01639344262295082,0.01639344262295082,0.01639344262295082,0.01639344262295082,0.01639344262295082,0.01639344262295082,0.01639344262295082,0.01639344262295082,0.01639344262295082,0.01639344262295082,0.01639344262295082,0.01639344262295082,0.01639344262295082,0.01639344262295082,0.01639344262295082,0.01639344262295082,0.01639344262295082,0.01639344262295082,0.01639344262295082,0.01639344262295082,0.01639344262295082,0.01639344262295082
bbac,0.015151515151515152,0.015151515151515152,0.015151515151515152,0.015151515151515152,0.015151515151515152,0.015151515151515152,0.015151515151515152,0.015151515151515152,0.015151515151515152,0.015151515151515152,0.015151515151515152,0.015151515151515152,0.015151515151515152,0.015151515151515152,0.015151515151515152,0.015151515151515152,0.015151515151515152,0.015151515151515152,0.015151515151515152,0.015151515151515152,0.015151515151515152,0.015151515151515152,0.06060606060606061,0.030303030303030304,0.045454545454545456,0.015151515151515152,0.015151515151515152,0.015151515151515152,0.015151515151515152,0.015151515151515152,0.015151515151515152,0.015151515151515152,0.015151515151515152,0.015151515151515152,0.015151515151515152,0.015151515151515152,0.015151515151515152,0.015151515151515152,0.015151515151515152,0.015151515151515152,0.015151515151515152,0.015151515151515152,0.015151515151515152,0.015151515151515152,0.015151515151515152,0.015151515151515152,0.015151515151515152,0.015151515151515152,0.015151515151515152,0.015151515151515152,0.015151515151515152,0.015151515151515152,0.015151515151515152,0.015151515151515152,0.015151515151515152,0.015151515151515152,0.015151515151515152,0.015151515151515152,0.015151515151515152,0.015151515151515152
bbba,0.015625,0.015625,0.015625,0.015625,0.015625,0.015625,0.015625,0.015625,0.015625,0.015625,0.015625,0.015625,0.015625,0.015625,0.015625,0.015625,0.015625,0.015625,0.015625,0.015625,0.015625,0.015625,0.015625,0.015625,0.015625,0.015625,0.078125,0.015625,0.015625,0.015625,0.015625,0.015625,0.015625,0.015625,0.015625,0.015625,0.015625,0.015625,0.015625,0.015625,0.015625,0.015625,0.015625,0.015625,0.015625,0.015625,0.015625,0.015625,0.015625,0.015625,0.015625,0.015625,0.015625,0.015625,0.015625,0.015625,0.015625,0.015625,0.015625,0.015625
bbbb,0.01639344262295082,0.01639344262295082,0.01639344262295082,0.01639344262295082,0.01639344262295082,0.01639344262295082,0.01639344262295082,0.01639344262295082,0.01639344262295082,0.01639344262295082,0.01639344262295082,0.01639344262295082,0.01639344262295082,0.01639344262295082,0.01639344262295082,0.01639344262295082,0.01639344262295082,0.01639344262295082,0.01639344262295082,0.01639344262295082,0.01639344262295082,0.01639344262295082,0.01639344262295082,0.01639344262295082,0.01639344262295082,0.01639344262295082,0.01639344262295082,0.01639344262295082,0.01639344262295082,0.03278688524590164,0.01639344262295082,0.01639344262295082,0.01639344262295082,0.01639344262295082,0.01639344262295082,0.01639344262295082,0.01639344262295082,0.01639344262295082,0.01639344262295082,0.01639344262295082,0.01639344262295082,0.01639344262295082,0.01639344262295082,0.01639344262295082,0.01639344262295082,0.01639344262295082,0.01639344262295082,0.01639344262295082,0.01639344262295082,0.01639344262295082,0.01639344262295082,0.01639344262295082,0.01639344262295082,0.01639344262295082,0.01639344262295082,0.01639344262295082,0.01639344262295082,0.01639344262295082,0.01639344262295082,0.01639344262295082
bbbc,0.015151515151515152,0.015151515151515152,0.015151515151515152,0.015151515151515152,0.015151515151515152,0.015151515151515152,0.015151515151515152,0.015151515151515152,0.015151515151515152,0.015151515151515152,0.015151515151515152,0.015151515151515152,0.015151515151515152,0.015151515151515152,0.015151515151515152,0.015151515151515152,0.015151515151515152,0.015151515151515152,0.015151515151515152,0.015151515151515152,0.015151515151515152,0.015151515151515152,0.015151515151515152,0.015151515151515152,0.015151515151515152,0.015151515151515152,0.015151515151515152,0.015151515151515152,0.015151515151515152,0.015151515151515152,0.09090909090909091,0.030303030303030304,0.015151515151515152,0.015151515151515152,0.015151515151515152,0.015151515151515152,0.015151515151515152,0.015151515151515152,0.015151515151515152,0.015151515151515152,0.015151515151515152,0.015151515151515152,0.015151515151515152,0.015151515151515152,0.015151515151515152,0.015151515151515152,0.015151515151515152,0.015151515151515152,0.015151515151515152,0.015151515151515152,0.015151515151515152,0.015151515151515152,0.015151515151515152,0.015151515151515152,0.015151515151515152,0.015151515151515152,0.015151515151515152,0.015151515151515152,0.015151515151515152,0.015151515151515152
bbca,0.014285714285714285,0.014285714285714285,0.014285714285714285,0.014285714285714285,0.014285714285714285,0.014285714285714285,0.014285714285714285,0.014285714285714285,0.014285714285714285,0.014285714285714285,0.014285714285714285,0.014285714285714285,0.014285714285714285,0.014285714285714285,0.014285714285714285,0.014285714285714285,0.014285714285714285,0.014285714285714285,0.014285714285714285,0.014285714285714285,0.014285714285714285,0.014285714285714285,0.014285714285714285,0.014285714285714285,0.014285714285714285,0.014285714285714285,0.014285714285714285,0.014285714285714285,0.014285714285714285,0.014285714285714285,0.014285714285714285,0.014285714285714285,0.05714285714285714,0.1,0.02857142857142857,0.014285714285714285,0.014285714285714285,0.014285714285714285,0.014285714285714285,0.014285714285714285,0.014285714285714285,0.014285714285714285,0.014285714285714285,0.014285714285714285,0.014285714285714285,0.014285714285714285,0.014285714285714285,0.014285714285714285,0.014285714285714285,0.014285714285714285,0.014285714285714285,0.014285714285714285,0.014285714285714285,0.014285714285714285,0.014285714285714285,0.014285714285714285,0.014285714285714285,0.014285714285714285,0.014285714285714285,0.014285714285714285
bbcb,0.016129032258064516,0.016129032258064516,0.016129032258064516,0.016129032258064516,0.016129032258064516,0.016129032258064516,0.016129032258064516,0.016129032258064516,0.016129032258064516,0.016129032258064516,0.016129032258064516,0.016129032258064516,0.016129032258064516,0.016129032258064516,0.016129032258064516,0.016129032258064516,0.016129032258064516,0.016129032258064516,0.016129032258064516,0.016129032258064516,0.016129032258064516,0.016129032258064516,0.016129032258064516,0.016129032258064516,0.016129032258064516,0.016129032258064516,0.016129032258064516,0.016129032258064516,0.016129032258064516,0.016129032258064516,0.016129032258064516,0.016129032258064516,0.016129032258064516,0.016129032258064516,0.016129032258064516,0.03225806451612903,0.016129032258064516,0.03225806451612903,0.016129032258064516,0.016129032258064516,0.016129032258064516,0.016129032258064516,0.016129032258064516,0.016129032258064516,0.016129032258064516,0.016129032258064516,0.016129032258064516,0.016129032258064516,0.016129032258064516,0.016129032258064516,0.016129032258064516,0.016129032258064516,0.016129032258064516,0.016129032258064516,0.016129032258064516,0.016129032258064516,0.016129032258064516,0.016129032258064516,0.016129032258064516,0.016129032258064516
bcaa,0.015384615384615385,0.015384615384615385,0.015384615384615385,0.015384615384615385,0.015384615384615385,0.015384615384615385,0.015384615384615385,0.015384615384615385,0.015384615384615385,0.015384615384615385,0.015384615384615385,0.015384615384615385,0.015384615384615385,0.015384615384615385,0.015384615384615385,0.015384615384615385,0.015384615384615385,0.015384615384615385,0.015384615384615385,0.015384615384615385,0.015384615384615385,0.015384615384615385,0.015384615384615385,0.015384615384615385,0.015384615384615385,0.015384615384615385,0.015384615384615385,0.015384615384615385,0.015384615384615385,0.015384615384615385,0.015384615384615385,0.015384615384615385,0.015384615384615385,0.015384615384615385,0.015384615384615385,0.015384615384615385,0.015384615384615385,0.015384615384615385,0.015384615384615385,0.015384615384615385,0.015384615384615385,0.09230769230769231,0.015384615384615385,0.015384615384615385,0.015384615384615385,0.015384615384615385,0.015384615384615385,0.015384615384615385,0.015384615384615385,0.015384615384615385,0.015384615384615385,0.015384615384615385,0.015384615384615385,0.015384615384615385,0.015384615384615385,0.015384615384615385,0.015384615384615385,0.015384615384615385,0.015384615384615385,0.015384615384615385
bcab,0.013888888888888888,0.013888888888888888,0.013888888888888888,0.013888888888888888,0.013888888888888888,0.013888888888888888,0.013888888888888888,0.013888888888888888,0.013888888888888888,0.013888888888888888,0.013888888888888888,0.013888888888888888,0.013888888888888888,0.013888888888888888,0.013888888888888888,0.013888888888888888,0.013888888888888888,0.013888888888888888,0.013888888888888888,0.013888888888888888,0.013888888888888888,0.013888888888888888,0.013888888888888888,0.013888888888888888,0.013888888888888888,0.013888888888888888,0.013888888888888888,0.013888888888888888,0.013888888888888888,0.013888888888888888,0.013888888888888888,0.013888888888888888,0.013888888888888888,0.013888888888888888,0.013888888888888888,0.013888888888888888,0.013888888888888888,0.013888888888888888,0.013888888888888888,0.013888888888888888,0.013888888888888888,0.013888888888888888,0.013888888888888888,0.06944444444444445,0.125,0.013888888888888888,0.013888888888888888,0.013888888888888888,0.013888888888888888,0.013888888888888888,0.013888888888888888,0.013888888888888888,0.013888888888888888,0.013888888888888888,0.013888888888888888,0.013888888888888888,0.013888888888888888,0.013888888888888888,0.013888888888888888,0.013888888888888888
bcac,0.014705882352941176,0.014705882352941176,0.014705882352941176,0.014705882352941176,0.014705882352941176,0.014705882352941176,0.014705882352941176,0.014705882352941176,0.014705882352941176,0.014705882352941176,0.014705882352941176,0.014705882352941176,0.014705882352941176,0.014705882352941176,0.014705882352941176,0.014705882352941176,0.014705882352941176,0.014705882352941176,0.014705882352941176,0.014705882352941176,0.014705882352941176,0.014705882352941176,0.014705882352941176,0.014705882352941176,0.014705882352941176,0.014705882352941176,0.014705882352941176,0.014705882352941176,0.014705882352941176,0.014705882352941176,0.014705882352941176,0.014705882352941176,0.014705882352941176,0.014705882352941176,0.014705882352941176,0.014705882352941176,0.014705882352941176,0.014705882352941176,0.014705882352941176,0.014705882352941176,0.014705882352941176,0.014705882352941176,0.014705882352941176,0.014705882352941176,0.014705882352941176,0.08823529411764706,0.058823529411764705,0.014705882352941176,0.014705882352941176,0.014705882352941176,0.014705882352941176,0.014705882352941176,0.014705882352941176,0.014705882352941176,0.014705882352941176,0.014705882352941176,0.014705882352941176,0.014705882352941176,0.014705882352941176,0.014705882352941176
bcba,0.01639344262295082,0.01639344262295082,0.01639344262295082,0.01639344262295082,0.01639344262295082,0.01639344262295082,0.01639344262295082,0.01639344262295082,0.01639344262295082,0.01639344262295082,0.01639344262295082,0.01639344262295082,0.01639344262295082,0.01639344262295082,0.01639344262295082,0.01639344262295082,0.01639344262295082,0.01639344262295082,0.01639344262295082,0.01639344262295082,0.01639344262295082,0.01639344262295082,0.01639344262295082,0.01639344262295082,0.01639344262295082,0.01639344262295082,0.01639344262295082,0.01639344262295082,0.01639344262295082,0.01639344262295082,0.01639344262295082,0.01639344262295082,0.01639344262295082,0.01639344262295082,0.01639344262295082,0.01639344262295082,0.01639344262295082,0.01639344262295082,0.01639344262295082,0.01639344262295082,0.01639344262295082,0.01639344262295082,0.01639344262295082,0.01639344262295082,0.01639344262295082,0.01639344262295082,0.01639344262295082,0.01639344262295082,0.03278688524590164,0.01639344262295082,0.01639344262295082,0.01639344262295082,0.01639344262295082,0.01639344262295082,0.01639344262295082,0.01639344262295082,0.01639344262295082,0.01639344262295082,0.01639344262295082,0.01639344262295082
bcbb,0.015873015873015872,0.015873015873015872,0.015873015873015872,0.015873015873015872,0.015873015873015872,0.015873015873015872,0.015873015873015872,0.015873015873015872,0.015873015873015872,0.015873015873015872,0.015873015873015872,0.015873015873015872,0.015873015873015872,0.015873015873015872,0.015873015873015872,0.015873015873015872,0.015873015873015872,0.015873015873015872,0.015873015873015872,0.015873015873015872,0.015873015873015872,0.015873015873015872,0.015873015873015872,0.015873015873015872,0.015873015873015872,0.015873015873015872,0.015873015873015872,0.015873015873015872,0.015873015873015872,0.015873015873015872,0.015873015873015872,0.015873015873015872,0.015873015873015872,0.015873015873015872,0.015873015873015872,0.015873015873015872,0.015873015873015872,0.015873015873015872,0.015873015873015872,0.015873015873015872,0.015873015873015872,0.015873015873015872,0.015873015873015872,0.015873015873015872,0.015873015873015872,0.015873015873015872,0.015873015873015872,0.015873015873015872,0.015873015873015872,0.015873015873015872,0.047619047619047616,0.031746031746031744,0.015873015873015872,0.015873015873015872,0.015873015873015872,0.015873015873015872,0.015873015873015872,0.015873015873015872,0.015873015873015872,0.015873015873015872
bcbc,0.015384615384615385,0.015384615384615385,0.015384615384615385,0.015384615384615385,0.015384615384615385,0.015384615384615385,0.015384615384615385,0.015384615384615385,0.015384615384615385,0.015384615384615385,0.015384615384615385,0.015384615384615385,0.015384615384615385,0.015384615384615385,0.015384615384615385,0.015384615384615385,0.015384615384615385,0.015384615384615385,0.015384615384615385,0.015384615384615385,0.015384615384615385,0.015384615384615385,0.015384615384615385,0.015384615384615385,0.015384615384615385,0.015384615384615385,0.015384615384615385,0.015384615384615385,0.015384615384615385,0.015384615384615385,0.015384615384615385,0.015384615384615385,0.015384615384615385,0.015384615384615385,0.015384615384615385,0.015384615384615385,0.015384615384615385,0.015384615384615385,0.015384615384615385,0.015384615384615385,0.015384615384615385,0.015384615384615385,0.015384615384615385,0.015384615384615385,0.015384615384615385,0.015384615384615385,0.015384615384615385,0.015384615384615385,0.015384615384615385,0.015384615384615385,0.015384615384615385,0.015384615384615385,0.07692307692307693,0.015384615384615385,0.03076923076923077,0.015384615384615385,0.015384615384615385,0.015384615384615385,0.015384615384615385,0.015384615384615385
bcca,0.015384615384615385,0.015384615384615385,0.015384615384615385,0.015384615384615385,0.015384615384615385,0.015384615384615385,0.015384615384615385,0.015384615384615385,0.015384615384615385,0.015384615384615385,0.015384615384615385,0.015384615384615385,0.015384615384615385,0.015384615384615385,0.015384615384615385,0.015384615384615385,0.015384615384615385,0.015384615384615385,0.015384615384615385,0.015384615384615385,0.015384615384615385,0.015384615384615385,0.015384615384615385,0.015384615384615385,0.015384615384615385,0.015384615384615385,0.015384615384615385,0.015384615384615385,0.015384615384615385,0.015384615384615385,0.015384615384615385,0.015384615384615385,0.015384615384615385,0.015384615384615385,0.015384615384615385,0.015384615384615385,0.015384615384615385,0.015384615384615385,0.015384615384615385,0.015384615384615385,0.015384615384615385,0.015384615384615385,0.015384615384615385,0.015384615384615385,0.015384615384615385,0.015384615384615385,0.015384615384615385,0.015384615384615385,0.015384615384615385,0.015384615384615385,0.015384615384615385,0.015384615384615385,0.015384615384615385,0.015384615384615385,0.015384615384615385,0.06153846153846154,0.046153846153846156,0.015384615384615385,0.015384615384615385,0.015384615384615385
bccb,0.01639344262295082,0.01639344262295082,0.01639344262295082,0.01639344262295082,0.01639344262295082,0.01639344262295082,0.01639344262295082,0.01639344262295082,0.01639344262295082,0.01639344262295082,0.01639344262295082,0.01639344262295082,0.01639344262295082,0.01639344262295082,0.01639344262295082,0.01639344262295082,0.01639344262295082,0.01639344262295082,0.01639344262295082,0.01639344262295082,0.01639344262295082,0.01639344262295082,0.01639344262295082,0.01639344262295082,0.01639344262295082,0.01639344262295082,0.01639344262295082,0.01639344262295082,0.01639344262295082,0.01639344262295082,0.01639344262295082,0.01639344262295082,0.01639344262295082,0.01639344262295082,0.01639344262295082,0.01639344262295082,0.01639344262295082,0.01639344262295082,0.01639344262295082,0.01639344262295082,0.01639344262295082,0.01639344262295082,0.01639344262295082,0.01639344262295082,0.01639344262295082,0.01639344262295082,0.01639344262295082,0.01639344262295082,0.01639344262295082,0.01639344262295082,0.01639344262295082,0.01639344262295082,0.01639344262295082,0.01639344262295082,0.01639344262295082,0.01639344262295082,0.01639344262295082,0.01639344262295082,0.03278688524590164,0.01639344262295082
caab,0.06349206349206349,0.015873015873015872,0.015873015873015872,0.015873015873015872,0.015873015873015872,0.015873015873015872,0.015873015873015872,0.015873015873015872,0.015873015873015872,0.015873015873015872,0.015873015873015872,0.015873015873015872,0.015873015873015872,0.015873015873015872,0.015873015873015872,0.015873015873015872,0.015873015873015872,0.015873015873015872,0.015873015873015872,0.015873015873015872,0.015873015873015872,0.015873015873015872,0.015873015873015872,0.015873015873015872,0.015873015873015872,0.015873015873015872,0.015873015873015872,0.015873015873015872,0.015873015873015872,0.015873015873015872,0.015873015873015872,0.015873015873015872,0.015873015873015872,0.015873015873015872,0.015873015873015872,0.015873015873015872,0.015873015873015872,0.015873015873015872,0.015873015873015872,0.015873015873015872,0.015873015873015872,0.015873015873015872,0.015873015873015872,0.015873015873015872,0.015873015873015872,0.015873015873015872,0.015873015873015872,0.015873015873015872,0.015873015873015872,0.015873015873015872,0.015873015873015872,0.015873015873015872,0.015873015873015872,0.015873015873015872,0.015873015873015872,0.015873015873015872,0.015873015873015872,0.015873015873015872,0.015873015873015872,0.015873015873015872
caac,0.014285714285714285,0.07142857142857142,0.1,0.014285714285714285,0.014285714285714285,0.014285714285714285,0.014285714285714285,0.014285714285714285,0.014285714285714285,0.014285714285714285,0.014285714285714285,0.014285714285714285,0.014285714285714285,0.014285714285714285,0.014285714285714285,0.014285714285714285,0.014285714285714285,0.014285714285714285,0.014285714285714285,0.014285714285714285,0.014285714285714285,0.014285714285714285,0.014285714285714285,0.014285714285714285,0.014285714285714285,0.014285714285714285,0.014285714285714285,0.014285714285714285,0.014285714285714285,0.014285714285714285,0.014285714285714285,0.014285714285714285,0.014285714285714285,0.014285714285714285,0.014285714285714285,0.014285714285714285,0.014285714285714285,0.014285714285714285,0.014285714285714285,0.014285714285714285,0.014285714285714285,0.014285714285714285,0.014285714285714285,0.014285714285714285,0.014285714285714285,0.014285714285714285,0.014285714285714285,0.014285714285714285,0.014285714285714285,0.014285714285714285,0.014285714285714285,0.014285714285714285,0.014285714285714285,0.014285714285714285,0.014285714285714285,0.014285714285714285,0.014285714285714285,0.014285714285714285,0.014285714285714285,0.014285714285714285
caba,0.015873015873015872,0.015873015873015872,0.015873015873015872,0.031746031746031744,0.031746031746031744,0.031746031746031744,0.015873015873015872,0.015873015873015872,0.015873015873015872,0.015873015873015872,0.015873015873015872,0.015873015873015872,0.015873015873015872,0.015873015873015872,0.015873015873015872,0.015873015873015872,0.015873015873015872,0.015873015873015872,0.015873015873015872,0.015873015873015872,0.015873015873015872,0.015873015873015872,0.015873015873015872,0.015873015873015872,0.015873015873015872,0.015873015873015872,0.015873015873015872,0.015873015873015872,0.015873015873015872,0.015873015873015872,0.015873015873015872,0.015873015873015872,0.015873015873015872,0.015873015873015872,0.015873015873015872,0.015873015873015872,0.015873015873015872,0.015873015873015872,0.015873015873015872,0.015873015873015872,0.015873015873015872,0.015873015873015872,0.015873015873015872,0.015873015873015872,0.015873015873015872,0.015873015873015872,0.015873015873015872,0.015873015873015872,0.015873015873015872,0.015873015873015872,0.015873015873015872,0.015873015873015872,0.015873015873015872,0.015873015873015872,0.015873015873015872,0.015873015873015872,0.015873015873015872,0.015873015873015872,0.015873015873015872,0.015873015873015872
cabb,0.014285714285714285,0.014285714285714285,0.014285714285714285,0.014285714285714285,0.014285714285714285,0.014285714285714285,0.04285714285714286,0.08571428571428572,0.05714285714285714,0.014285714285714285,0.014285714285714285,0.014285714285714285,0.014285714285714285,0.014285714285714285,0.014285714285714285,0.014285714285714285,0.014285714285714285,0.014285714285714285,0.014285714285714285,0.014285714285714285,0.014285714285714285,0.014285714285714285,0.014285714285714285,0.014285714285714285,0.014285714285714285,0.014285714285714285,0.014285714285714285,0.014285714285714285,0.014285714285714285,0.014285714285714285,0.014285714285714285,0.014285714285714285,0.014285714285714285,0.014285714285714285,0.014285714285714285,0.014285714285714285,0.014285714285714285,0.014285714285714285,0.014285714285714285,0.014285714285714285,0.014285714285714285,0.014285714285714285,0.014285714285714285,0.014285714285714285,0.014285714285714285,0.014285714285714285,0.014285714285714285,0.014285714285714285,0.014285714285714285,0.014285714285714285,0.014285714285714285,0.014285714285714285,0.014285714285714285,0.014285714285714285,0.014285714285714285,0.014285714285714285,0.014285714285714285,0.014285714285714285,0.014285714285714285,0.014285714285714285
cabc,0.014084507042253521,0.014084507042253521,0.014084507042253521,0.014084507042253521,0.014084507042253521,0.014084507042253521,0.014084507042253521,0.014084507042253521,0.014084507042253521,0.11267605633802817,0.04225352112676056,0.04225352112676056,0.014084507042253521,0.014084507042253521,0.014084507042253521,0.014084507042253521,0.014084507042253521,0.014084507042253521,0.014084507042253521,0.014084507042253521,0.014084507042253521,0.014084507042253521,0.014084507042253521,0.014084507042253521,0.014084507042253521,0.014084507042253521,0.014084507042253521,0.014084507042253521,0.014084507042253521,0.014084507042253521,0.014084507042253521,0.014084507042253521,0.014084507042253521,0.014084507042253521,0.014084507042253521,0.014084507042253521,0.014084507042253521,0.014084507042253521,0.014084507042253521,0.014084507042253521,0.014084507042253521,0.014084507042253521,0.014084507042253521,0.014084507042253521,0.014084507042253521,0.014084507042253521,0.014084507042253521,0.014084507042253521,0.014084507042253521,0.014084507042253521,0.014084507042253521,0.014084507042253521,0.014084507042253521,0.014084507042253521,0.014084507042253521,0.014084507042253521,0.014084507042253521,0.014084507042253521,0.014084507042253521,0.014084507042253521
caca,0.014084507042253521,0.014084507042253521,0.014084507042253521,0.014084507042253521,0.014084507042253521,0.014084507042253521,0.014084507042253521,0.014084507042253521,0.014084507042253521,0.014084507042253521,0.014084507042253521,0.014084507042253521,0.08450704225352113,0.09859154929577464,0.014084507042253521,0.014084507042253521,0.014084507042253521,0.014084507042253521,0.014084507042253521,0.014084507042253521,0.014084507042253521,0.014084507042253521,0.014084507042253521,0.014084507042253521,0.014084507042253521,0.014084507042253521,0.014084507042253521,0.014084507042253521,0.014084507042253521,0.014084507042253521,0.014084507042253521,0.014084507042253521,0.014084507042253521,0.014084507042253521,0.014084507042253521,0.014084507042253521,0.014084507042253521,0.014084507042253521,0.014084507042253521,0.014084507042253521,0.014084507042253521,0.014084507042253521,0.014084507042253521,0.014084507042253521,0.014084507042253521,0.014084507042253521,0.014084507042253521,0.014084507042253521,0.014084507042253521,0.014084507042253521,0.014084507042253521,0.014084507042253521,0.014084507042253521,0.014084507042253521,0.014084507042253521,0.014084507042253521,0.014084507042253521,0.014084507042253521,0.014084507042253521,0.014084507042253521
cacb,0.015873015873015872,0.015873015873015872,0.015873015873015872,0.015873015873015872,0.015873015873015872,0.015873015873015872,0.015873015873015872,0.015873015873015872,0.015873015873015872,0.015873015873015872,0.015873015873015872,0.015873015873015872,0.015873015873015872,0.015873015873015872,0.015873015873015872,0.031746031746031744,0.015873015873015872,0.047619047619047616,0.015873015873015872,0.015873015873015872,0.015873015873015872,0.015873015873015872,0.015873015873015872,0.015873015873015872,0.015873015873015872,0.015873015873015872,0.015873015873015872,0.015873015873015872,0.015873015873015872,0.015873015873015872,0.015873015873015872,0.015873015873015872,0.015873015873015872,0.015873015873015872,0.015873015873015872,0.015873015873015872,0.015873015873015872,0.015873015873015872,0.015873015873015872,0.015873015873015872,0.015873015873015872,0.015873015873015872,0.015873015873015872,0.015873015873015872,0.015873015873015872,0.015873015873015872,0.015873015873015872,0.015873015873015872,0.015873015873015872,0.015873015873015872,0.015873015873015872,0.015873015873015872,0.015873015873015872,0.015873015873015872,0.015873015873015872,0.015873015873015872,0.015873015873015872,0.015873015873015872,0.015873015873015872,0.015873015873015872
cacc,0.01639344262295082,0.01639344262295082,0.01639344262295082,0.01639344262295082,0.01639344262295082,0.01639344262295082,0.01639344262295082,0.01639344262295082,0.01639344262295082,0.01639344262295082,0.01639344262295082,0.01639344262295082,0.01639344262295082,0.01639344262295082,0.01639344262295082,0.01639344262295082,0.01639344262295082,0.01639344262295082,0.03278688524590164,0.01639344262295082,0.01639344262295082,0.01639344262295082,0.01639344262295082,0.01639344262295082,0.01639344262295082,0.01639344262295082,0.01639344262295082,0.01639344262295082,0.01639344262295082,0.01639344262295082,0.01639344262295082,0.01639344262295082,0.01639344262295082,0.01639344262295082,0.01639344262295082,0.01639344262295082,0.01639344262295082,0.01639344262295082,0.01639344262295082,0.01639344262295082,0.01639344262295082,0.01639344262295082,0.01639344262295082,0.01639344262295082,0.01639344262295082,0.01639344262295082,0.01639344262295082,0.01639344262295082,0.01639344262295082,0.01639344262295082,0.01639344262295082,0.01639344262295082,0.01639344262295082,0.01639344262295082,0.01639344262295082,0.01639344262295082,0.01639344262295082,0.01639344262295082,0.01639344262295082,0.01639344262295082
cbab,0.016129032258064516,0.016129032258064516,0.016129032258064516,0.016129032258064516,0.016129032258064516,0.016129032258064516,0.016129032258064516,0.016129032258064516,0.016129032258064516,0.016129032258064516,0.016129032258064516,0.016129032258064516,0.016129032258064516,0.016129032258064516,0.016129032258064516,0.016129032258064516,0.016129032258064516,0.016129032258064516,0.016129032258064516,0.016129032258064516,0.016129032258064516,0.04838709677419355,0.016129032258064516,0.016129032258064516,0.016129032258064516,0.016129032258064516,0.016129032258064516,0.016129032258064516,0.016129032258064516,0.016129032258064516,0.016129032258064516,0.016129032258064516,0.016129032258064516,0.016129032258064516,0.016129032258064516,0.016129032258064516,0.016129032258064516,0.016129032258064516,0.016129032258064516,0.016129032258064516,0.016129032258064516,0.016129032258064516,0.016129032258064516,0.016129032258064516,0.016129032258064516,0.016129032258064516,0.016129032258064516,0.016129032258064516,0.016129032258064516,0.016129032258064516,0.016129032258064516,0.016129032258064516,0.016129032258064516,0.016129032258064516,0.016129032258064516,0.016129032258064516,0.016129032258064516,0.016129032258064516,0.016129032258064516,0.016129032258064516
cbba,0.01639344262295082,0.01639344262295082,0.01639344262295082,0.01639344262295082,0.01639344262295082,0.01639344262295082,0.01639344262295082,0.01639344262295082,0.01639344262295082,0.01639344262295082,0.01639344262295082,0.01639344262295082,0.01639344262295082,0.01639344262295082,0.01639344262295082,0.01639344262295082,0.01639344262295082,0.01639344262295082,0.01639344262295082,0.01639344262295082,0.01639344262295082,0.01639344262295082,0.01639344262295082,0.01639344262295082,0.01639344262295082,0.03278688524590164,0.01639344262295082,0.01639344262295082,0.01639344262295082,0.01639344262295082,0.01639344262295082,0.01639344262295082,0.01639344262295082,0.01639344262295082,0.01639344262295082,0.01639344262295082,0.01639344262295082,0.01639344262295082,0.01639344262295082,0.01639344262295082,0.01639344262295082,0.01639344262295082,0.01639344262295082,0.01639344262295082,0.01639344262295082,0.01639344262295082,0.01639344262295082,0.01639344262295082,0.01639344262295082,0.01639344262295082,0.01639344262295082,0.01639344262295082,0.01639344262295082,0.01639344262295082,0.01639344262295082,0.01639344262295082,0.01639344262295082,0.01639344262295082,0.01639344262295082,0.01639344262295082
cbbb,0.015625,0.015625,0.015625,0.015625,0.015625,0.015625,0.015625,0.015625,0.015625,0.015625,0.015625,0.015625,0.015625,0.015625,0.015625,0.015625,0.015625,0.015625,0.015625,0.015625,0.015625,0.015625,0.015625,0.015625,0.015625,0.015625,0.015625,0.0625,0.015625,0.03125,0.015625,0.015625,0.015625,0.015625,0.015625,0.015625,0.015625,0.015625,0.015625,0.015625,0.015625,0.015625,0.015625,0.015625,0.015625,0.015625,0.015625,0.015625,0.015625,0.015625,0.015625,0.015625,0.015625,0.015625,0.015625,0.015625,0.015625,0.015625,0.015625,0.015625
cbbc,0.01639344262295082,0.01639344262295082,0.01639344262295082,0.01639344262295082,0.01639344262295082,0.01639344262295082,0.01639344262295082,0.01639344262295082,0.01639344262295082,0.01639344262295082,0.01639344262295082,0.01639344262295082,0.01639344262295082,0.01639344262295082,0.01639344262295082,0.01639344262295082,0.01639344262295082,0.01639344262295082,0.01639344262295082,0.01639344262295082,0.01639344262295082,0.01639344262295082,0.01639344262295082,0.01639344262295082,0.01639344262295082,0.01639344262295082,0.01639344262295082,0.01639344262295082,0.01639344262295082,0.01639344262295082,0.03278688524590164,0.01639344262295082,0.01639344262295082,0.01639344262295082,0.01639344262295082,0.01639344262295082,0.01639344262295082,0.01639344262295082,0.01639344262295082,0.01639344262295082,0.01639344262295082,0.01639344262295082,0.01639344262295082,0.01639344262295082,0.01639344262295082,0.01639344262295082,0.01639344262295082,0.01639344262295082,0.01639344262295082,0.01639344262295082,0.01639344262295082,0.01639344262295082,0.01639344262295082,0.01639344262295082,0.01639344262295082,0.01639344262295082,0.01639344262295082,0.01639344262295082,0.01639344262295082,0.01639344262295082
cbca,0.014492753623188406,0.014492753623188406,0.014492753623188406,0.014492753623188406,0.014492753623188406,0.014492753623188406,0.014492753623188406,0.014492753623188406,0.014492753623188406,0.014492753623188406,0.014492753623188406,0.014492753623188406,0.014492753623188406,0.014492753623188406,0.014492753623188406,0.014492753623188406,0.014492753623188406,0.014492753623188406,0.014492753623188406,0.014492753623188406,0.014492753623188406,0.014492753623188406,0.014492753623188406,0.014492753623188406,0.014492753623188406,0.014492753623188406,0.014492753623188406,0.014492753623188406,0.014492753623188406,0.014492753623188406,0.014492753623188406,0.014492753623188406,0.057971014492753624,0.08695652173913043,0.028985507246376812,0.014492753623188406,0.014492753623188406,0.014492753623188406,0.014492753623188406,0.014492753623188406,0.014492753623188406,0.014492753623188406,0.014492753623188406,0.014492753623188406,0.014492753623188406,0.014492753623188406,0.014492753623188406,0.014492753623188406,0.014492753623188406,0.014492753623188406,0.014492753623188406,0.014492753623188406,0.014492753623188406,0.014492753623188406,0.014492753623188406,0.014492753623188406,0.014492753623188406,0.014492753623188406,0.014492753623188406,0.014492753623188406
cbcb,0.01639344262295082,0.01639344262295082,0.01639344262295082,0.01639344262295082,0.01639344262295082,0.01639344262295082,0.01639344262295082,0.01639344262295082,0.01639344262295082,0.01639344262295082,0.01639344262295082,0.01639344262295082,0.01639344262295082,0.01639344262295082,0.01639344262295082,0.01639344262295082,0.01639344262295082,0.01639344262295082,0.01639344262295082,0.01639344262295082,0.01639344262295082,0.01639344262295082,0.01639344262295082,0.01639344262295082,0.01639344262295082,0.01639344262295082,0.01639344262295082,0.01639344262295082,0.01639344262295082,0.01639344262295082,0.01639344262295082,0.01639344262295082,0.01639344262295082,0.01639344262295082,0.01639344262295082,0.01639344262295082,0.01639344262295082,0.03278688524590164,0.01639344262295082,0.01639344262295082,0.01639344262295082,0.01639344262295082,0.01639344262295082,0.01639344262295082,0.01639344262295082,0.01639344262295082,0.01639344262295082,0.01639344262295082,0.01639344262295082,0.01639344262295082,0.01639344262295082,0.01639344262295082,0.01639344262295082,0.01639344262295082,0.01639344262295082,0.01639344262295082,0.01639344262295082,0.01639344262295082,0.01639344262295082,0.01639344262295082
cbcc,0.015625,0.015625,0.015625,0.015625,0.015625,0.015625,0.015625,0.015625,0.015625,0.015625,0.015625,0.015625,0.015625,0.015625,0.015625,0.015625,0.015625,0.015625,0.015625,0.015625,0.015625,0.015625,0.015625,0.015625,0.015625,0.015625,0.015625,0.015625,0.015625,0.015625,0.015625,0.015625,0.015625,0.015625,0.015625,0.015625,0.015625,0.015625,0.0625,0.03125,0.015625,0.015625,0.015625,0.015625,0.015625,0.015625,0.015625,0.015625,0.015625,0.015625,0.015625,0.015625,0.015625,0.015625,0.015625,0.015625,0.015625,0.015625,0.015625,0.015625
ccaa,0.015873015873015872,0.015873015873015872,0.015873015873015872,0.015873015873015872,0.015873015873015872,0.015873015873015872,0.015873015873015872,0.015873015873015872,0.015873015873015872,0.015873015873015872,0.015873015873015872,0.015873015873015872,0.015873015873015872,0.015873015873015872,0.015873015873015872,0.015873015873015872,0.015873015873015872,0.015873015873015872,0.015873015873015872,0.015873015873015872,0.015873015873015872,0.015873015873015872,0.015873015873015872,0.015873015873015872,0.015873015873015872,0.015873015873015872,0.015873015873015872,0.015873015873015872,0.015873015873015872,0.015873015873015872,0.015873015873015872,0.015873015873015872,0.015873015873015872,0.015873015873015872,0.015873015873015872,0.015873015873015872,0.015873015873015872,0.015873015873015872,0.015873015873015872,0.015873015873015872,0.031746031746031744,0.047619047619047616,0.015873015873015872,0.015873015873015872,0.015873015873015872,0.015873015873015872,0.015873015873015872,0.015873015873015872,0.015873015873015872,0.015873015873015872,0.015873015873015872,0.015873015873015872,0.015873015873015872,0.015873015873015872,0.015873015873015872,0.015873015873015872,0.015873015873015872,0.015873015873015872,0.015873015873015872,0.015873015873015872
ccab,0.015873015873015872,0.015873015873015872,0.015873015873015872,0.015873015873015872,0.015873015873015872,0.015873015873015872,0.015873015873015872,0.015873015873015872,0.015873015873015872,0.015873015873015872,0.015873015873015872,0.015873015873015872,0.015873015873015872,0.015873015873015872,0.015873015873015872,0.015873015873015872,0.015873015873015872,0.015873015873015872,0.015873015873015872,0.015873015873015872,0.015873015873015872,0.015873015873015872,0.015873015873015872,0.015873015873015872,0.015873015873015872,0.015873015873015872,0.015873015873015872,0.015873015873015872,0.015873015873015872,0.015873015873015872,0.015873015873015872,0.015873015873015872,0.015873015873015872,0.015873015873015872,0.015873015873015872,0.015873015873015872,0.015873015873015872,0.015873015873015872,0.015873015873015872,0.015873015873015872,0.015873015873015872,0.015873015873015872,0.031746031746031744,0.047619047619047616,0.015873015873015872,0.015873015873015872,0.015873015873015872,0.015873015873015872,0.015873015873015872,0.015873015873015872,0.015873015873015872,0.015873015873015872,0.015873015873015872,0.015873015873015872,0.015873015873015872,0.015873015873015872,0.015873015873015872,0.015873015873015872,0.015873015873015872,0.015873015873015872
ccac,0.01639344262295082,0.01639344262295082,0.01639344262295082,0.01639344262295082,0.01639344262295082,0.01639344262295082,0.01639344262295082,0.01639344262295082,0.01639344262295082,0.01639344262295082,0.01639344262295082,0.01639344262295082,0.01639344262295082,0.01639344262295082,0.01639344262295082,0.01639344262295082,0.01639344262295082,0.01639344262295082,0.01639344262295082,0.01639344262295082,0.01639344262295082,0.01639344262295082,0.01639344262295082,0.01639344262295082,0.01639344262295082,0.01639344262295082,0.01639344262295082,0.01639344262295082,0.01639344262295082,0.01639344262295082,0.01639344262295082,0.01639344262295082,0.01639344262295082,0.01639344262295082,0.01639344262295082,0.01639344262295082,0.01639344262295082,0.01639344262295082,0.01639344262295082,0.01639344262295082,0.01639344262295082,0.01639344262295082,0.01639344262295082,0.01639344262295082,0.01639344262295082,0.03278688524590164,0.01639344262295082,0.01639344262295082,0.01639344262295082,0.01639344262295082,0.01639344262295082,0.01639344262295082,0.01639344262295082,0.01639344262295082,0.01639344262295082,0.01639344262295082,0.01639344262295082,0.01639344262295082,0.01639344262295082,0.01639344262295082
ccbb,0.01639344262295082,0.01639344262295082,0.01639344262295082,0.01639344262295082,0.01639344262295082,0.01639344262295082,0.01639344262295082,0.01639344262295082,0.01639344262295082,0.01639344262295082,0.01639344262295082,0.01639344262295082,0.01639344262295082,0.01639344262295082,0.01639344262295082,0.01639344262295082,0.01639344262295082,0.01639344262295082,0.01639344262295082,0.01639344262295082,0.01639344262295082,0.01639344262295082,0.01639344262295082,0.01639344262295082,0.01639344262295082,0.01639344262295082,0.01639344262295082,0.01639344262295082,0.01639344262295082,0.01639344262295082,0.01639344262295082,0.01639344262295082,0.01639344262295082,0.01639344262295082,0.01639344262295082,0.01639344262295082,0.01639344262295082,0.01639344262295082,0.01639344262295082,0.01639344262295082,0.01639344262295082,0.01639344262295082,0.01639344262295082,0.01639344262295082,0.01639344262295082,0.01639344262295082,0.01639344262295082,0.01639344262295082,0.01639344262295082,0.01639344262295082,0.03278688524590164,0.01639344262295082,0.01639344262295082,0.01639344262295082,0.01639344262295082,0.01639344262295082,0.01639344262295082,0.01639344262295082,0.01639344262295082,0.01639344262295082
ccbc,0.01639344262295082,0.01639344262295082,0.01639344262295082,0.01639344262295082,0.01639344262295082,0.01639344262295082,0.01639344262295082,0.01639344262295082,0.01639344262295082,0.01639344262295082,0.01639344262295082,0.01639344262295082,0.01639344262295082,0.01639344262295082,0.01639344262295082,0.01639344262295082,0.01639344262295082,0.01639344262295082,0.01639344262295082,0.01639344262295082,0.01639344262295082,0.01639344262295082,0.01639344262295082,0.01639344262295082,0.01639344262295082,0.01639344262295082,0.01639344262295082,0.01639344262295082,0.01639344262295082,0.01639344262295082,0.01639344262295082,0.01639344262295082,0.01639344262295082,0.01639344262295082,0.01639344262295082,0.01639344262295082,0.01639344262295082,0.01639344262295082,0.01639344262295082,0.01639344262295082,0.01639344262295082,0.01639344262295082,0.01639344262295082,0.01639344262295082,0.01639344262295082,0.01639344262295082,0.01639344262295082,0.01639344262295082,0.01639344262295082,0.01639344262295082,0.01639344262295082,0.01639344262295082,0.03278688524590164,0.01639344262295082,0.01639344262295082,0.01639344262295082,0.01639344262295082,0.01639344262295082,0.01639344262295082,0.01639344262295082
